{
    "carriers": [
        {
            "carrier_id": "se-179536",
            "carrier_code": "stamps_com",
            "account_number": "test_account_179536",
            "requires_funded_amount": true,
            "balance": 4286.3300,
            "nickname": "ShipEngine Test Account - Stamps.com",
            "friendly_name": "Stamps.com",
            "primary": false,
            "has_multi_package_supporting_services": false,
            "supports_label_messages": true,
            "disabled_by_billing_plan": false,
            "services": [
                {
                    "carrier_id": "se-179536",
                    "carrier_code": "stamps_com",
                    "service_code": "usps_priority_mail",
                    "name": "USPS Priority Mail",
                    "domestic": true,
                    "international": false,
                    "is_multi_package_supported": false,
                    "display_schemes": [
                        "label"
                    ]
                },
                {
                    "carrier_id": "se-179536",
                    "carrier_code": "stamps_com",
                    "service_code": "usps_priority_mail_express",
                    "name": "USPS Priority Mail Express",
                    "domestic": true,
                    "international": false,
                    "is_multi_package_supported": false,
                    "display_schemes": [
                        "label"
                    ]
                },
                {
                    "carrier_id": "se-179536",
                    "carrier_code": "stamps_com",
                    "service_code": "usps_parcel_select",
                    "name": "USPS Parcel Select Ground",
                    "domestic": true,
                    "international": false,
                    "is_multi_package_supported": false,
                    "display_schemes": [
                        "label"
                    ]
                },
                {
                    "carrier_id": "se-179536",
                    "carrier_code": "stamps_com",
                    "service_code": "usps_first_class_mail",
                    "name": "USPS First Class Mail",
                    "domestic": true,
                    "international": false,
                    "is_multi_package_supported": false,
                    "display_schemes": [
                        "label"
                    ]
                },
                {
                    "carrier_id": "se-179536",
                    "carrier_code": "stamps_com",
                    "service_code": "usps_media_mail",
                    "name": "USPS Media Mail",
                    "domestic": true,
                    "international": false,
                    "is_multi_package_supported": false,
                    "display_schemes": [
                        "label"
                    ]
                },
                {
                    "carrier_id": "se-179536",
                    "carrier_code": "stamps_com",
                    "service_code": "usps_ground_advantage",
                    "name": "USPS Ground Advantage",
                    "domestic": true,
                    "international": false,
                    "is_multi_package_supported": false,
                    "display_schemes": [
                        "label"
                    ]
                },
                {
                    "carrier_id": "se-179536",
                    "carrier_code": "stamps_com",
                    "service_code": "usps_priority_mail_international",
                    "name": "USPS Priority Mail Intl",
                    "domestic": false,
                    "international": true,
                    "is_multi_package_supported": false,
                    "display_schemes": [
                        "label"
                    ]
                },
                {
                    "carrier_id": "se-179536",
                    "carrier_code": "stamps_com",
                    "service_code": "usps_priority_mail_express_international",
                    "name": "USPS Priority Mail Express Intl",
                    "domestic": false,
                    "international": true,
                    "is_multi_package_supported": false,
                    "display_schemes": [
                        "label"
                    ]
                },
                {
                    "carrier_id": "se-179536",
                    "carrier_code": "stamps_com",
                    "service_code": "usps_first_class_mail_international",
                    "name": "USPS First Class Mail Intl",
                    "domestic": false,
                    "international": true,
                    "is_multi_package_supported": false,
                    "display_schemes": [
                        "label"
                    ]
                },
                {
                    "carrier_id": "se-179536",
                    "carrier_code": "stamps_com",
                    "service_code": "globalpost_economy",
                    "name": "GlobalPost Economy Intl",
                    "domestic": false,
                    "international": true,
                    "is_multi_package_supported": false,
                    "display_schemes": [
                        "label"
                    ]
                },
                {
                    "carrier_id": "se-179536",
                    "carrier_code": "stamps_com",
                    "service_code": "globalpost_priority",
                    "name": "GlobalPost Standard Intl",
                    "domestic": false,
                    "international": true,
                    "is_multi_package_supported": false,
                    "display_schemes": [
                        "label"
                    ]
                },
                {
                    "carrier_id": "se-179536",
                    "carrier_code": "stamps_com",
                    "service_code": "gp_plus",
                    "name": "GlobalPost Plus",
                    "domestic": false,
                    "international": true,
                    "is_multi_package_supported": false,
                    "display_schemes": [
                        "label"
                    ]
                },
                {
                    "carrier_id": "se-179536",
                    "carrier_code": "stamps_com",
                    "service_code": "globalpost_parcel_select_smart_saver",
                    "name": "GlobalPost Parcel Select SmartSaver",
                    "domestic": true,
                    "international": false,
                    "is_multi_package_supported": false,
                    "display_schemes": [
                        "label"
                    ]
                }
            ],
            "packages": [
                {
                    "package_id": null,
                    "package_code": "flat_rate_envelope",
                    "name": "Flat Rate Envelope",
                    "description": "USPS flat rate envelope. A special cardboard envelope provided by the USPS that clearly indicates \"Flat Rate\"."
                },
                {
                    "package_id": null,
                    "package_code": "flat_rate_legal_envelope",
                    "name": "Flat Rate Legal Envelope",
                    "description": "Flat Rate Legal Envelope"
                },
                {
                    "package_id": null,
                    "package_code": "flat_rate_padded_envelope",
                    "name": "Flat Rate Padded Envelope",
                    "description": "Flat Rate Padded Envelope"
                },
                {
                    "package_id": null,
                    "package_code": "large_envelope_or_flat",
                    "name": "Large Envelope or Flat",
                    "description": "Large envelope or flat. Has one dimension that is between 11 1/2\" and 15\" long, 6 1/18\" and 12\" high, or 1/4\" and 3/4\" thick."
                },
                {
                    "package_id": null,
                    "package_code": "large_flat_rate_box",
                    "name": "Large Flat Rate Box",
                    "description": "Large Flat Rate Box"
                },
                {
                    "package_id": null,
                    "package_code": "large_package",
                    "name": "Large Package (any side > 12\")",
                    "description": "Large package. Longest side plus the distance around the thickest part is over 84\" and less than or equal to 108\"."
                },
                {
                    "package_id": null,
                    "package_code": "letter",
                    "name": "Letter",
                    "description": "Letter"
                },
                {
                    "package_id": null,
                    "package_code": "medium_flat_rate_box",
                    "name": "Medium Flat Rate Box",
                    "description": "USPS flat rate box. A special 11\" x 8 1/2\" x 5 1/2\" or 14\" x 3.5\" x 12\" USPS box that clearly indicates \"Flat Rate Box\""
                },
                {
                    "package_id": null,
                    "package_code": "non_rectangular",
                    "name": "Non Rectangular Package",
                    "description": "Non-Rectangular package type that is cylindrical in shape."
                },
                {
                    "package_id": null,
                    "package_code": "package",
                    "name": "Package",
                    "description": "Package. Longest side plus the distance around the thickest part is less than or equal to 84\""
                },
                {
                    "package_id": null,
                    "package_code": "regional_rate_box_a",
                    "name": "Regional Rate Box A",
                    "description": "Regional Rate Box A"
                },
                {
                    "package_id": null,
                    "package_code": "regional_rate_box_b",
                    "name": "Regional Rate Box B",
                    "description": "Regional Rate Box B"
                },
                {
                    "package_id": null,
                    "package_code": "small_flat_rate_box",
                    "name": "Small Flat Rate Box",
                    "description": "Small Flat Rate Box"
                },
                {
                    "package_id": null,
                    "package_code": "thick_envelope",
                    "name": "Thick Envelope",
                    "description": "Thick envelope. Envelopes or flats greater than 3/4\" at the thickest point."
                }
            ],
            "options": [
                {
                    "name": "non_machinable",
                    "default_value": "false",
                    "description": ""
                },
                {
                    "name": "canada_delivered_duty",
                    "default_value": null,
                    "description": "Specify the responsibility of delivery duties on international orders from US to CA"
                },
                {
                    "name": "dangerous_goods",
                    "default_value": null,
                    "description": "This shipment contains dangerous goods."
                },
                {
                    "name": "dangerous_goods_category",
                    "default_value": null,
                    "description": "This shipment contains a dangerous goods category."
                },
                {
                    "name": "return_receipt",
                    "default_value": null,
                    "description": "This shipment contains a physical or electronic return receipt."
                },
                {
                    "name": "registered_mail_value",
                    "default_value": null,
                    "description": "This shipment contains a registered mail value."
                }
            ],
            "funding_source_id": null
        },
        {
            "carrier_id": "se-179537",
            "carrier_code": "ups",
            "account_number": "test_account_179537",
            "requires_funded_amount": false,
            "balance": 0.0,
            "nickname": "ShipEngine Test Account - UPS",
            "friendly_name": "UPS",
            "primary": false,
            "has_multi_package_supporting_services": true,
            "supports_label_messages": true,
            "disabled_by_billing_plan": false,
            "services": [
                {
                    "carrier_id": "se-179537",
                    "carrier_code": "ups",
                    "service_code": "ups_standard_international",
                    "name": "UPS Standard",
                    "domestic": false,
                    "international": true,
                    "is_multi_package_supported": true,
                    "display_schemes": [
                        "label"
                    ]
                },
                {
                    "carrier_id": "se-179537",
                    "carrier_code": "ups",
                    "service_code": "ups_next_day_air_early_am",
                    "name": "UPS Next Day Air® Early",
                    "domestic": true,
                    "international": false,
                    "is_multi_package_supported": true,
                    "display_schemes": [
                        "label"
                    ]
                },
                {
                    "carrier_id": "se-179537",
                    "carrier_code": "ups",
                    "service_code": "ups_economy_ddp",
                    "name": "UPS™ Economy DDP",
                    "domestic": false,
                    "international": true,
                    "is_multi_package_supported": true,
                    "display_schemes": [
                        "label"
                    ]
                },
                {
                    "carrier_id": "se-179537",
                    "carrier_code": "ups",
                    "service_code": "ups_worldwide_express",
                    "name": "UPS Express",
                    "domestic": false,
                    "international": true,
                    "is_multi_package_supported": true,
                    "display_schemes": [
                        "label"
                    ]
                },
                {
                    "carrier_id": "se-179537",
                    "carrier_code": "ups",
                    "service_code": "ups_next_day_air",
                    "name": "UPS Next Day Air®",
                    "domestic": true,
                    "international": false,
                    "is_multi_package_supported": true,
                    "display_schemes": [
                        "label"
                    ]
                },
                {
                    "carrier_id": "se-179537",
                    "carrier_code": "ups",
                    "service_code": "ups_ground_international",
                    "name": "UPS Ground® (International)",
                    "domestic": false,
                    "international": true,
                    "is_multi_package_supported": true,
                    "display_schemes": [
                        "label"
                    ]
                },
                {
                    "carrier_id": "se-179537",
                    "carrier_code": "ups",
                    "service_code": "ups_worldwide_express_plus",
                    "name": "UPS Worldwide Express Plus",
                    "domestic": false,
                    "international": true,
                    "is_multi_package_supported": true,
                    "display_schemes": [
                        "label"
                    ]
                },
                {
                    "carrier_id": "se-179537",
                    "carrier_code": "ups",
                    "service_code": "ups_next_day_air_saver",
                    "name": "UPS Next Day Air Saver®",
                    "domestic": true,
                    "international": false,
                    "is_multi_package_supported": true,
                    "display_schemes": [
                        "label"
                    ]
                },
                {
                    "carrier_id": "se-179537",
                    "carrier_code": "ups",
                    "service_code": "ups_2nd_day_air_am",
                    "name": "UPS 2nd Day Air AM®",
                    "domestic": true,
                    "international": false,
                    "is_multi_package_supported": true,
                    "display_schemes": [
                        "label"
                    ]
                },
                {
                    "carrier_id": "se-179537",
                    "carrier_code": "ups",
                    "service_code": "ups_2nd_day_air",
                    "name": "UPS 2nd Day Air®",
                    "domestic": true,
                    "international": false,
                    "is_multi_package_supported": true,
                    "display_schemes": [
                        "label"
                    ]
                },
                {
                    "carrier_id": "se-179537",
                    "carrier_code": "ups",
                    "service_code": "ups_2nd_day_air_international",
                    "name": "UPS 2nd Day Air® (International)",
                    "domestic": false,
                    "international": true,
                    "is_multi_package_supported": true,
                    "display_schemes": [
                        "label"
                    ]
                },
                {
                    "carrier_id": "se-179537",
                    "carrier_code": "ups",
                    "service_code": "ups_ground",
                    "name": "UPS® Ground",
                    "domestic": true,
                    "international": false,
                    "is_multi_package_supported": true,
                    "display_schemes": [
                        "label"
                    ]
                },
                {
                    "carrier_id": "se-179537",
                    "carrier_code": "ups",
                    "service_code": "ups_express_early_am",
                    "name": "UPS Express Early A.M. to the U.S.",
                    "domestic": false,
                    "international": true,
                    "is_multi_package_supported": true,
                    "display_schemes": [
                        "label"
                    ]
                },
                {
                    "carrier_id": "se-179537",
                    "carrier_code": "ups",
                    "service_code": "ups_standard",
                    "name": "UPS Standard",
                    "domestic": true,
                    "international": false,
                    "is_multi_package_supported": true,
                    "display_schemes": [
                        "label"
                    ]
                },
                {
                    "carrier_id": "se-179537",
                    "carrier_code": "ups",
                    "service_code": "ups_next_day_air_international",
                    "name": "UPS Next Day Air® (International)",
                    "domestic": false,
                    "international": true,
                    "is_multi_package_supported": true,
                    "display_schemes": [
                        "label"
                    ]
                },
                {
                    "carrier_id": "se-179537",
                    "carrier_code": "ups",
                    "service_code": "ups_express",
                    "name": "UPS Express",
                    "domestic": true,
                    "international": false,
                    "is_multi_package_supported": true,
                    "display_schemes": [
                        "label"
                    ]
                },
                {
                    "carrier_id": "se-179537",
                    "carrier_code": "ups",
                    "service_code": "ups_express_noon",
                    "name": "UPS Express® 12:00",
                    "domestic": true,
                    "international": false,
                    "is_multi_package_supported": true,
                    "display_schemes": [
                        "label"
                    ]
                },
                {
                    "carrier_id": "se-179537",
                    "carrier_code": "ups",
                    "service_code": "ups_economy_ddu",
                    "name": "UPS™ Economy DDU",
                    "domestic": false,
                    "international": true,
                    "is_multi_package_supported": true,
                    "display_schemes": [
                        "label"
                    ]
                },
                {
                    "carrier_id": "se-179537",
                    "carrier_code": "ups",
                    "service_code": "ups_express_plus",
                    "name": "UPS Express Plus",
                    "domestic": true,
                    "international": false,
                    "is_multi_package_supported": true,
                    "display_schemes": [
                        "label"
                    ]
                },
                {
                    "carrier_id": "se-179537",
                    "carrier_code": "ups",
                    "service_code": "ups_express_na1",
                    "name": "UPS Express (NA1)",
                    "domestic": false,
                    "international": true,
                    "is_multi_package_supported": true,
                    "display_schemes": [
                        "label"
                    ]
                },
                {
                    "carrier_id": "se-179537",
                    "carrier_code": "ups",
                    "service_code": "ups_worldwide_expedited",
                    "name": "UPS Expedited",
                    "domestic": false,
                    "international": true,
                    "is_multi_package_supported": true,
                    "display_schemes": [
                        "label"
                    ]
                },
                {
                    "carrier_id": "se-179537",
                    "carrier_code": "ups",
                    "service_code": "ups_worldwide_saver",
                    "name": "UPS Worldwide Saver",
                    "domestic": false,
                    "international": true,
                    "is_multi_package_supported": true,
                    "display_schemes": [
                        "label"
                    ]
                },
                {
                    "carrier_id": "se-179537",
                    "carrier_code": "ups",
                    "service_code": "ups_3_day_select",
                    "name": "UPS 3 Day Select®",
                    "domestic": true,
                    "international": true,
                    "is_multi_package_supported": true,
                    "display_schemes": [
                        "label"
                    ]
                }
            ],
            "packages": [
                {
                    "package_id": null,
                    "package_code": "package",
                    "name": "Package",
                    "description": "Package. Longest side plus the distance around the thickest part is less than or equal to 84\""
                },
                {
                    "package_id": null,
                    "package_code": "ups__express_box_large",
                    "name": "UPS  Express® Box - Large",
                    "description": "Express Box - Large"
                },
                {
                    "package_id": null,
                    "package_code": "ups_10_kg_box",
                    "name": "UPS 10 KG Box®",
                    "description": "10 KG Box"
                },
                {
                    "package_id": null,
                    "package_code": "ups_25_kg_box",
                    "name": "UPS 25 KG Box®",
                    "description": "25 KG Box"
                },
                {
                    "package_id": null,
                    "package_code": "ups_express_box",
                    "name": "UPS Express® Box",
                    "description": "Express Box"
                },
                {
                    "package_id": null,
                    "package_code": "ups_express_box_medium",
                    "name": "UPS Express® Box - Medium",
                    "description": "Express Box - Medium"
                },
                {
                    "package_id": null,
                    "package_code": "ups_express_box_small",
                    "name": "UPS Express® Box - Small",
                    "description": "Express Box - Small"
                },
                {
                    "package_id": null,
                    "package_code": "ups_express_pak",
                    "name": "UPS Express® Pak",
                    "description": "Pak"
                },
                {
                    "package_id": null,
                    "package_code": "ups_letter",
                    "name": "UPS Letter",
                    "description": "Letter"
                },
                {
                    "package_id": null,
                    "package_code": "ups_tube",
                    "name": "UPS Tube",
                    "description": "Tube"
                }
            ],
            "options": [
                {
                    "name": "bill_to_account",
                    "default_value": "",
                    "description": ""
                },
                {
                    "name": "bill_to_country_code",
                    "default_value": "",
                    "description": ""
                },
                {
                    "name": "bill_to_party",
                    "default_value": "",
                    "description": ""
                },
                {
                    "name": "bill_to_postal_code",
                    "default_value": "",
                    "description": ""
                },
                {
                    "name": "collect_on_delivery",
                    "default_value": "",
                    "description": ""
                },
                {
                    "name": "contains_alcohol",
                    "default_value": "false",
                    "description": ""
                },
                {
                    "name": "delivered_duty_paid",
                    "default_value": "false",
                    "description": ""
                },
                {
                    "name": "dry_ice",
                    "default_value": "false",
                    "description": ""
                },
                {
                    "name": "dry_ice_weight",
                    "default_value": "0",
                    "description": ""
                },
                {
                    "name": "freight_class",
                    "default_value": "",
                    "description": ""
                },
                {
                    "name": "non_machinable",
                    "default_value": "false",
                    "description": ""
                },
                {
                    "name": "saturday_delivery",
                    "default_value": "false",
                    "description": ""
                },
                {
                    "name": "shipper_release",
                    "default_value": "false",
                    "description": "Driver may release package without signature"
                }
            ],
            "funding_source_id": null
        },
        {
            "carrier_id": "se-179538",
            "carrier_code": "fedex",
            "account_number": "test_account_179538",
            "requires_funded_amount": false,
            "balance": 0.0,
            "nickname": "ShipEngine Test Account - FedEx",
            "friendly_name": "FedEx",
            "primary": false,
            "has_multi_package_supporting_services": true,
            "supports_label_messages": true,
            "disabled_by_billing_plan": false,
            "services": [
                {
                    "carrier_id": "se-179538",
                    "carrier_code": "fedex",
                    "service_code": "fedex_international_priority_express",
                    "name": "FedEx International Priority Express®",
                    "domestic": false,
                    "international": true,
                    "is_multi_package_supported": true,
                    "display_schemes": [
                        "label"
                    ]
                },
                {
                    "carrier_id": "se-179538",
                    "carrier_code": "fedex",
                    "service_code": "fedex_ground",
                    "name": "FedEx Ground®",
                    "domestic": true,
                    "international": false,
                    "is_multi_package_supported": true,
                    "display_schemes": [
                        "label"
                    ]
                },
                {
                    "carrier_id": "se-179538",
                    "carrier_code": "fedex",
                    "service_code": "fedex_home_delivery",
                    "name": "FedEx Home Delivery®",
                    "domestic": true,
                    "international": false,
                    "is_multi_package_supported": true,
                    "display_schemes": [
                        "label"
                    ]
                },
                {
                    "carrier_id": "se-179538",
                    "carrier_code": "fedex",
                    "service_code": "fedex_2day",
                    "name": "FedEx 2Day®",
                    "domestic": true,
                    "international": false,
                    "is_multi_package_supported": true,
                    "display_schemes": [
                        "label"
                    ]
                },
                {
                    "carrier_id": "se-179538",
                    "carrier_code": "fedex",
                    "service_code": "fedex_2day_am",
                    "name": "FedEx 2Day® A.M.",
                    "domestic": true,
                    "international": false,
                    "is_multi_package_supported": true,
                    "display_schemes": [
                        "label"
                    ]
                },
                {
                    "carrier_id": "se-179538",
                    "carrier_code": "fedex",
                    "service_code": "fedex_express_saver",
                    "name": "FedEx Express Saver®",
                    "domestic": true,
                    "international": false,
                    "is_multi_package_supported": true,
                    "display_schemes": [
                        "label"
                    ]
                },
                {
                    "carrier_id": "se-179538",
                    "carrier_code": "fedex",
                    "service_code": "fedex_standard_overnight",
                    "name": "FedEx Standard Overnight®",
                    "domestic": true,
                    "international": false,
                    "is_multi_package_supported": true,
                    "display_schemes": [
                        "label"
                    ]
                },
                {
                    "carrier_id": "se-179538",
                    "carrier_code": "fedex",
                    "service_code": "fedex_priority_overnight",
                    "name": "FedEx Priority Overnight®",
                    "domestic": true,
                    "international": false,
                    "is_multi_package_supported": true,
                    "display_schemes": [
                        "label"
                    ]
                },
                {
                    "carrier_id": "se-179538",
                    "carrier_code": "fedex",
                    "service_code": "fedex_first_overnight",
                    "name": "FedEx First Overnight®",
                    "domestic": true,
                    "international": false,
                    "is_multi_package_supported": true,
                    "display_schemes": [
                        "label"
                    ]
                },
                {
                    "carrier_id": "se-179538",
                    "carrier_code": "fedex",
                    "service_code": "fedex_1_day_freight",
                    "name": "FedEx 1Day® Freight",
                    "domestic": true,
                    "international": false,
                    "is_multi_package_supported": true,
                    "display_schemes": [
                        "label"
                    ]
                },
                {
                    "carrier_id": "se-179538",
                    "carrier_code": "fedex",
                    "service_code": "fedex_economy_international",
                    "name": "FedEx International Economy®",
                    "domestic": false,
                    "international": true,
                    "is_multi_package_supported": true,
                    "display_schemes": [
                        "label"
                    ]
                },
                {
                    "carrier_id": "se-179538",
                    "carrier_code": "fedex",
                    "service_code": "fedex_2_day_freight",
                    "name": "FedEx 2Day® Freight",
                    "domestic": true,
                    "international": false,
                    "is_multi_package_supported": true,
                    "display_schemes": [
                        "label"
                    ]
                },
                {
                    "carrier_id": "se-179538",
                    "carrier_code": "fedex",
                    "service_code": "fedex_3_day_freight",
                    "name": "FedEx 3Day® Freight",
                    "domestic": true,
                    "international": false,
                    "is_multi_package_supported": true,
                    "display_schemes": [
                        "label"
                    ]
                },
                {
                    "carrier_id": "se-179538",
                    "carrier_code": "fedex",
                    "service_code": "fedex_first_overnight_freight",
                    "name": "FedEx First Overnight® Freight",
                    "domestic": true,
                    "international": false,
                    "is_multi_package_supported": true,
                    "display_schemes": [
                        "label"
                    ]
                },
                {
                    "carrier_id": "se-179538",
                    "carrier_code": "fedex",
                    "service_code": "fedex_ground_international",
                    "name": "FedEx International Ground®",
                    "domestic": false,
                    "international": true,
                    "is_multi_package_supported": true,
                    "display_schemes": [
                        "label"
                    ]
                },
                {
                    "carrier_id": "se-179538",
                    "carrier_code": "fedex",
                    "service_code": "fedex_international_economy",
                    "name": "FedEx International Economy®",
                    "domestic": false,
                    "international": true,
                    "is_multi_package_supported": true,
                    "display_schemes": [
                        "label"
                    ]
                },
                {
                    "carrier_id": "se-179538",
                    "carrier_code": "fedex",
                    "service_code": "fedex_international_priority",
                    "name": "FedEx International Priority®",
                    "domestic": false,
                    "international": true,
                    "is_multi_package_supported": true,
                    "display_schemes": [
                        "label"
                    ]
                },
                {
                    "carrier_id": "se-179538",
                    "carrier_code": "fedex",
                    "service_code": "fedex_international_first",
                    "name": "FedEx International First®",
                    "domestic": false,
                    "international": true,
                    "is_multi_package_supported": true,
                    "display_schemes": [
                        "label"
                    ]
                },
                {
                    "carrier_id": "se-179538",
                    "carrier_code": "fedex",
                    "service_code": "fedex_europe_first",
                    "name": "FedEx Europe First®",
                    "domestic": false,
                    "international": true,
                    "is_multi_package_supported": true,
                    "display_schemes": [
                        "label"
                    ]
                },
                {
                    "carrier_id": "se-179538",
                    "carrier_code": "fedex",
                    "service_code": "fedex_international_economy_freight",
                    "name": "FedEx International Economy® Freight",
                    "domestic": false,
                    "international": true,
                    "is_multi_package_supported": true,
                    "display_schemes": [
                        "label"
                    ]
                },
                {
                    "carrier_id": "se-179538",
                    "carrier_code": "fedex",
                    "service_code": "fedex_international_priority_freight",
                    "name": "FedEx International Priority® Freight",
                    "domestic": false,
                    "international": true,
                    "is_multi_package_supported": true,
                    "display_schemes": [
                        "label"
                    ]
                },
                {
                    "carrier_id": "se-179538",
                    "carrier_code": "fedex",
                    "service_code": "fedex_freight_priority",
                    "name": "FedEx Freight® Priority",
                    "domestic": false,
                    "international": true,
                    "is_multi_package_supported": true,
                    "display_schemes": [
                        "label"
                    ]
                },
                {
                    "carrier_id": "se-179538",
                    "carrier_code": "fedex",
                    "service_code": "fedex_international_connect_plus",
                    "name": "FedEx International Connect Plus®",
                    "domestic": false,
                    "international": true,
                    "is_multi_package_supported": true,
                    "display_schemes": [
                        "label"
                    ]
                },
                {
                    "carrier_id": "se-179538",
                    "carrier_code": "fedex",
                    "service_code": "fedex_regional_economy",
                    "name": "FedEx® Regional Economy",
                    "domestic": false,
                    "international": true,
                    "is_multi_package_supported": true,
                    "display_schemes": [
                        "label"
                    ]
                },
                {
                    "carrier_id": "se-179538",
                    "carrier_code": "fedex",
                    "service_code": "fedex_regional_economy_freight",
                    "name": "FedEx® Regional Economy Freight",
                    "domestic": false,
                    "international": true,
                    "is_multi_package_supported": true,
                    "display_schemes": [
                        "label"
                    ]
                }
            ],
            "packages": [
                {
                    "package_id": null,
                    "package_code": "fedex_envelope_onerate",
                    "name": "FedEx One Rate® Envelope",
                    "description": "FedEx® Envelope"
                },
                {
                    "package_id": null,
                    "package_code": "fedex_extra_large_box_onerate",
                    "name": "FedEx One Rate® Extra Large Box",
                    "description": "FedEx® Extra Large Box"
                },
                {
                    "package_id": null,
                    "package_code": "fedex_large_box_onerate",
                    "name": "FedEx One Rate® Large Box",
                    "description": "FedEx® Large Box"
                },
                {
                    "package_id": null,
                    "package_code": "fedex_medium_box_onerate",
                    "name": "FedEx One Rate® Medium Box",
                    "description": "FedEx® Medium Box"
                },
                {
                    "package_id": null,
                    "package_code": "fedex_pak_onerate",
                    "name": "FedEx One Rate® Pak",
                    "description": "FedEx® Pak"
                },
                {
                    "package_id": null,
                    "package_code": "fedex_small_box_onerate",
                    "name": "FedEx One Rate® Small Box",
                    "description": "FedEx® Small Box"
                },
                {
                    "package_id": null,
                    "package_code": "fedex_tube_onerate",
                    "name": "FedEx One Rate® Tube",
                    "description": "FedEx® Tube"
                },
                {
                    "package_id": null,
                    "package_code": "fedex_10kg_box",
                    "name": "FedEx® 10kg Box",
                    "description": "FedEx® 10kg Box"
                },
                {
                    "package_id": null,
                    "package_code": "fedex_25kg_box",
                    "name": "FedEx® 25kg Box",
                    "description": "FedEx® 25kg Box"
                },
                {
                    "package_id": null,
                    "package_code": "fedex_box",
                    "name": "FedEx® Box",
                    "description": "FedEx® Box"
                },
                {
                    "package_id": null,
                    "package_code": "fedex_envelope",
                    "name": "FedEx® Envelope",
                    "description": "FedEx® Envelope"
                },
                {
                    "package_id": null,
                    "package_code": "fedex_extra_large_box",
                    "name": "FedEx® Extra Large Box",
                    "description": "FedEx® Extra Large Box"
                },
                {
                    "package_id": null,
                    "package_code": "fedex_large_box",
                    "name": "FedEx® Large Box",
                    "description": "FedEx® Large Box"
                },
                {
                    "package_id": null,
                    "package_code": "fedex_medium_box",
                    "name": "FedEx® Medium Box",
                    "description": "FedEx® Medium Box"
                },
                {
                    "package_id": null,
                    "package_code": "fedex_pak",
                    "name": "FedEx® Pak",
                    "description": "FedEx® Pak"
                },
                {
                    "package_id": null,
                    "package_code": "fedex_small_box",
                    "name": "FedEx® Small Box",
                    "description": "FedEx® Small Box"
                },
                {
                    "package_id": null,
                    "package_code": "fedex_tube",
                    "name": "FedEx® Tube",
                    "description": "FedEx® Tube"
                },
                {
                    "package_id": null,
                    "package_code": "package",
                    "name": "Package",
                    "description": "Package. Longest side plus the distance around the thickest part is less than or equal to 84\""
                }
            ],
            "options": [
                {
                    "name": "bill_to_account",
                    "default_value": "",
                    "description": ""
                },
                {
                    "name": "bill_to_country_code",
                    "default_value": "",
                    "description": ""
                },
                {
                    "name": "bill_to_party",
                    "default_value": "",
                    "description": ""
                },
                {
                    "name": "bill_to_postal_code",
                    "default_value": "",
                    "description": ""
                },
                {
                    "name": "collect_on_delivery",
                    "default_value": "",
                    "description": ""
                },
                {
                    "name": "contains_alcohol",
                    "default_value": "false",
                    "description": ""
                },
                {
                    "name": "delivered_duty_paid",
                    "default_value": "false",
                    "description": ""
                },
                {
                    "name": "dry_ice",
                    "default_value": "false",
                    "description": ""
                },
                {
                    "name": "dry_ice_weight",
                    "default_value": "0",
                    "description": ""
                },
                {
                    "name": "non_machinable",
                    "default_value": "false",
                    "description": ""
                },
                {
                    "name": "saturday_delivery",
                    "default_value": "false",
                    "description": ""
                },
                {
                    "name": "third-party-consignee",
                    "default_value": "false",
                    "description": "Third Party Consignee"
                }
            ],
            "funding_source_id": null
        }
    ],
    "request_id": "940af273-000c-48ee-8453-ce70ec2820f8",
    "errors": []
}